L_patch_mm,W_patch_mm,inset_x_mm,feed_width_mm,fitness,L_pred,W_pred,h_pred,L_diff,W_diff
7.0,9.8,1.4788241731004879,3.356771476835853,49.04601402282715,29.509950637817383,36.336063385009766,1.1960924863815308,22.509950637817383,26.536063385009765
