L_patch_mm,W_patch_mm,inset_x_mm,feed_width_mm,fitness,pred_gain,pred_s11,pred_eff
5.800000000412888,9.8,1.9310805891266691,3.5254395469832187,0.02853881549835205,5.297857284545898,3.336270570755005,-22.249839782714844
