L_patch_mm,W_patch_mm,inset_x_mm,feed_width_mm,fitness,pred_gain,pred_s11,pred_eff
5.800000000415191,9.8,1.901901830014778,3.547720902227423,-15.214175205775673,326.79644775390625,135.04287719726562,855.6712036132812
