L_patch_mm,W_patch_mm,inset_x_mm,feed_width_mm,fitness,L_pred,W_pred,h_pred,L_diff,W_diff
7.0,9.8,1.4788241731004879,3.356771476835853,8.052925300598144,11.383136749267578,13.469788551330566,0.8460580706596375,4.383136749267578,3.6697885513305657
